{
  "E_lya_pred_eV": 10.204269842164377,
  "TARGET_LYA_eV": 10.204,
  "R9": 0.002644474366687128,
  "PASS_optional": true
}