os,python,numpy,seal_sha256,E1_eV,a_H_Angstrom
Linux-4.4.0-x86_64-with-glibc2.36,3.11.8,1.24.0,cf3c1684f369a1f5aa6b7e40384002fa9e807d98e27807c4d556c14cb06f4453,13.605693122885837,0.5291772109060855
Linux-4.4.0-x86_64-with-glibc2.36,3.11.8,1.24.0,cf3c1684f369a1f5aa6b7e40384002fa9e807d98e27807c4d556c14cb06f4453,13.605693122885837,0.5291772109060855
macOS (pending native run),TBD,TBD,cf3c1684f369a1f5aa6b7e40384002fa9e807d98e27807c4d556c14cb06f4453,,
Windows (pending native run),TBD,TBD,cf3c1684f369a1f5aa6b7e40384002fa9e807d98e27807c4d556c14cb06f4453,,
