{
  "E1_eV": 13.605693122885837,
  "a_H_Angstrom": 0.5291772109060855
}